<?xml version="1.0" encoding="UTF-8"?>
<project-private xmlns="http://www.netbeans.org/ns/project-private/1">
    <editor-bookmarks xmlns="http://www.netbeans.org/ns/editor-bookmarks/2" lastBookmarkId="0"/>
    <open-files xmlns="http://www.netbeans.org/ns/projectui-open-files/2">
        <group>
            <file>file:/C:/sistemaUnion/src/sistemaunion/FXMLDocumentController.java</file>
            <file>file:/C:/sistemaUnion/src/sistemaunion/SistemaUnion.java</file>
            <file>file:/C:/sistemaUnion/src/sistemaunion/TelaPrincipal.java</file>
            <file>file:/C:/sistemaUnion/src/sistemaunion/FXMLDocument.fxml</file>
        </group>
    </open-files>
</project-private>
